{"cameraMode":{"drawMode":0,"name":"Shaded","section":"Shading Mode"},"sceneLighting":true,"audioPlay":false,"sceneViewState":{"m_AlwaysRefresh":false,"showFog":true,"showSkybox":true,"showFlares":true,"showImageEffects":true,"showParticleSystems":true,"showVisualEffectGraphs":true,"m_FxEnabled":true},"in2DMode":false,"pivot":{"x":49.57926940917969,"y":24.210838317871095,"z":-84.61502838134766},"rotation":{"x":0.14694544672966004,"y":0.09775014966726303,"z":-0.014595316722989083,"w":0.9841986298561096},"size":1.0630154609680176,"orthographic":false}