{"cameraMode":{"drawMode":0,"name":"Shaded","section":"Shading Mode"},"sceneLighting":true,"audioPlay":false,"sceneViewState":{"m_AlwaysRefresh":false,"showFog":true,"showSkybox":true,"showFlares":true,"showImageEffects":true,"showParticleSystems":true,"showVisualEffectGraphs":true,"m_FxEnabled":true},"in2DMode":false,"pivot":{"x":120.61907958984375,"y":-3.851959228515625,"z":-166.50051879882813},"rotation":{"x":0.6618067622184753,"y":0.029212549328804017,"z":-0.025823555886745454,"w":0.7486599683761597},"size":153.18276977539063,"orthographic":true}