{"cameraMode":{"drawMode":0,"name":"Shaded","section":"Shading Mode"},"sceneLighting":true,"audioPlay":false,"sceneViewState":{"m_AlwaysRefresh":false,"showFog":true,"showSkybox":true,"showFlares":true,"showImageEffects":true,"showParticleSystems":true,"showVisualEffectGraphs":true,"m_FxEnabled":true},"in2DMode":false,"pivot":{"x":6.898256301879883,"y":15.642909049987793,"z":-87.04641723632813},"rotation":{"x":0.17124144732952119,"y":-0.7810377478599548,"z":0.24366019666194917,"w":0.5489238500595093},"size":19.368783950805665,"orthographic":false}