{"cameraMode":{"drawMode":0,"name":"Shaded","section":"Shading Mode"},"sceneLighting":true,"audioPlay":false,"sceneViewState":{"m_AlwaysRefresh":false,"showFog":true,"showSkybox":true,"showFlares":true,"showImageEffects":true,"showParticleSystems":true,"showVisualEffectGraphs":true,"m_FxEnabled":true},"in2DMode":false,"pivot":{"x":48.05043029785156,"y":21.40497398376465,"z":-83.77442169189453},"rotation":{"x":-0.054275255650281909,"y":-0.017376568168401719,"z":0.0009431740618310869,"w":-0.9983811378479004},"size":1.3531062602996827,"orthographic":false}